fitness,lr0,lrf,momentum,weight_decay,warmup_epochs,warmup_momentum,box,cls,dfl,hsv_h,hsv_s,hsv_v,degrees,translate,scale,shear,perspective,flipud,fliplr,bgr,mosaic,mixup,copy_paste
0.49652,0.001,0.01,0.937,0.0005,3.0,0.8,7.5,0.5,1.5,0.015,0.7,0.4,0.0,0.1,0.5,0.0,0.0,0.0,0.5,0.0,1.0,0.0,0.0
0.49759,0.00098,0.00918,0.91073,0.0005,2.35178,0.77421,7.5,0.49361,1.41335,0.01472,0.65713,0.48783,0.0,0.08221,0.5,0.0,0.0,0.0,0.42506,0.0,1.0,0.0,0.0
0.49313,0.00093,0.00624,0.9464,0.00058,2.53832,0.84957,7.5,0.38112,1.41335,0.01177,0.65327,0.47532,0.0,0.07432,0.55246,0.0,0.0,0.0,0.24928,0.0,1.0,0.0,0.0
0.48838,0.00099,0.00918,0.96856,0.00058,2.35178,0.56214,7.5,0.51277,1.41335,0.01622,0.65713,0.46365,0.0,0.08221,0.42508,0.0,0.0,0.0,0.42506,0.0,0.91504,0.0,0.0
0.49647,0.00097,0.00827,0.92406,0.00051,2.42222,0.77421,7.81222,0.49361,1.41335,0.01436,0.65713,0.48783,0.0,0.09242,0.50455,0.0,0.0,0.0,0.42828,0.0,0.87858,0.0,0.0
0.4926,0.00123,0.01,0.95566,0.00058,3.0,0.68909,8.16294,0.48705,1.87037,0.01455,0.62473,0.40356,0.0,0.10418,0.40649,0.0,0.0,0.0,0.5,0.0,1.0,0.0,0.0
