fitness,lr0,lrf,momentum,weight_decay,warmup_epochs,warmup_momentum,box,cls,dfl,hsv_h,hsv_s,hsv_v,degrees,translate,scale,shear,perspective,flipud,fliplr,bgr,mosaic,mixup,copy_paste
0.50314,0.001,0.01,0.937,0.0005,3.0,0.8,7.5,0.5,1.5,0.015,0.7,0.4,0.0,0.1,0.5,0.0,0.0,0.0,0.5,0.0,1.0,0.0,0.0
0.50038,0.00112,0.00954,0.93874,0.00047,2.95458,0.6583,7.17772,0.55603,1.53913,0.0131,0.78171,0.38079,0.0,0.1017,0.48057,0.0,0.0,0.0,0.56293,0.0,1.0,0.0,0.0
0.50374,0.00103,0.01,0.93651,0.00047,3.30924,0.8092,7.5,0.51044,1.55959,0.01555,0.7,0.42658,0.0,0.09933,0.50324,0.0,0.0,0.0,0.51282,0.0,0.90488,0.0,0.0
0.50167,0.001,0.00908,0.90866,0.00051,3.0,0.84672,7.58902,0.48332,1.5298,0.015,0.62519,0.41586,0.0,0.09579,0.5,0.0,0.0,0.0,0.5081,0.0,1.0,0.0,0.0
0.50438,0.00098,0.00903,0.92029,0.0005,2.9394,0.84672,7.87212,0.48332,1.5298,0.01477,0.62992,0.41586,0.0,0.09678,0.50671,0.0,0.0,0.0,0.51352,0.0,0.98401,0.0,0.0
0.49807,0.00097,0.00945,0.94019,0.0005,3.34059,0.75933,7.87947,0.4405,1.5,0.015,0.76976,0.27006,0.0,0.11289,0.56975,0.0,0.0,0.0,0.47919,0.0,1.0,0.0,0.0
